DATAFLOW,LAST UPDATE,freq,c_resid,unit,nace_r2,geo,TIME_PERIOD,OBS_VALUE,OBS_FLAG
ESTAT:TOUR_OCC_ARN2$DEFAULTVIEW(1.0),22/05/23 23:00:00,A,TOTAL,NR,I551-I553,ITC1,2012,4276944,
ESTAT:TOUR_OCC_ARN2$DEFAULTVIEW(1.0),22/05/23 23:00:00,A,TOTAL,NR,I551-I553,ITC1,2013,4277946,
ESTAT:TOUR_OCC_ARN2$DEFAULTVIEW(1.0),22/05/23 23:00:00,A,TOTAL,NR,I551-I553,ITC1,2014,4442253,
ESTAT:TOUR_OCC_ARN2$DEFAULTVIEW(1.0),22/05/23 23:00:00,A,TOTAL,NR,I551-I553,ITC1,2015,4696220,
ESTAT:TOUR_OCC_ARN2$DEFAULTVIEW(1.0),22/05/23 23:00:00,A,TOTAL,NR,I551-I553,ITC1,2016,4821989,
ESTAT:TOUR_OCC_ARN2$DEFAULTVIEW(1.0),22/05/23 23:00:00,A,TOTAL,NR,I551-I553,ITC1,2017,5179986,
ESTAT:TOUR_OCC_ARN2$DEFAULTVIEW(1.0),22/05/23 23:00:00,A,TOTAL,NR,I551-I553,ITC1,2018,5276117,
ESTAT:TOUR_OCC_ARN2$DEFAULTVIEW(1.0),22/05/23 23:00:00,A,TOTAL,NR,I551-I553,ITC1,2019,5357016,
ESTAT:TOUR_OCC_ARN2$DEFAULTVIEW(1.0),22/05/23 23:00:00,A,TOTAL,NR,I551-I553,ITC1,2020,2241468,
ESTAT:TOUR_OCC_ARN2$DEFAULTVIEW(1.0),22/05/23 23:00:00,A,TOTAL,NR,I551-I553,ITC1,2021,3401574,
ESTAT:TOUR_OCC_ARN2$DEFAULTVIEW(1.0),22/05/23 23:00:00,A,TOTAL,NR,I551-I553,ITC2,2012,1009894,
ESTAT:TOUR_OCC_ARN2$DEFAULTVIEW(1.0),22/05/23 23:00:00,A,TOTAL,NR,I551-I553,ITC2,2013,972736,
ESTAT:TOUR_OCC_ARN2$DEFAULTVIEW(1.0),22/05/23 23:00:00,A,TOTAL,NR,I551-I553,ITC2,2014,986347,
ESTAT:TOUR_OCC_ARN2$DEFAULTVIEW(1.0),22/05/23 23:00:00,A,TOTAL,NR,I551-I553,ITC2,2015,1100110,
ESTAT:TOUR_OCC_ARN2$DEFAULTVIEW(1.0),22/05/23 23:00:00,A,TOTAL,NR,I551-I553,ITC2,2016,1201627,
ESTAT:TOUR_OCC_ARN2$DEFAULTVIEW(1.0),22/05/23 23:00:00,A,TOTAL,NR,I551-I553,ITC2,2017,1252213,
ESTAT:TOUR_OCC_ARN2$DEFAULTVIEW(1.0),22/05/23 23:00:00,A,TOTAL,NR,I551-I553,ITC2,2018,1254191,
ESTAT:TOUR_OCC_ARN2$DEFAULTVIEW(1.0),22/05/23 23:00:00,A,TOTAL,NR,I551-I553,ITC2,2019,1270306,
ESTAT:TOUR_OCC_ARN2$DEFAULTVIEW(1.0),22/05/23 23:00:00,A,TOTAL,NR,I551-I553,ITC2,2020,721352,
ESTAT:TOUR_OCC_ARN2$DEFAULTVIEW(1.0),22/05/23 23:00:00,A,TOTAL,NR,I551-I553,ITC2,2021,697247,
ESTAT:TOUR_OCC_ARN2$DEFAULTVIEW(1.0),22/05/23 23:00:00,A,TOTAL,NR,I551-I553,ITC3,2012,3679202,
ESTAT:TOUR_OCC_ARN2$DEFAULTVIEW(1.0),22/05/23 23:00:00,A,TOTAL,NR,I551-I553,ITC3,2013,3807967,
ESTAT:TOUR_OCC_ARN2$DEFAULTVIEW(1.0),22/05/23 23:00:00,A,TOTAL,NR,I551-I553,ITC3,2014,4066978,
ESTAT:TOUR_OCC_ARN2$DEFAULTVIEW(1.0),22/05/23 23:00:00,A,TOTAL,NR,I551-I553,ITC3,2015,4359580,
ESTAT:TOUR_OCC_ARN2$DEFAULTVIEW(1.0),22/05/23 23:00:00,A,TOTAL,NR,I551-I553,ITC3,2016,4503872,
ESTAT:TOUR_OCC_ARN2$DEFAULTVIEW(1.0),22/05/23 23:00:00,A,TOTAL,NR,I551-I553,ITC3,2017,4739935,
ESTAT:TOUR_OCC_ARN2$DEFAULTVIEW(1.0),22/05/23 23:00:00,A,TOTAL,NR,I551-I553,ITC3,2018,4718832,
ESTAT:TOUR_OCC_ARN2$DEFAULTVIEW(1.0),22/05/23 23:00:00,A,TOTAL,NR,I551-I553,ITC3,2019,4797820,
ESTAT:TOUR_OCC_ARN2$DEFAULTVIEW(1.0),22/05/23 23:00:00,A,TOTAL,NR,I551-I553,ITC3,2020,2392444,
ESTAT:TOUR_OCC_ARN2$DEFAULTVIEW(1.0),22/05/23 23:00:00,A,TOTAL,NR,I551-I553,ITC3,2021,3494333,
ESTAT:TOUR_OCC_ARN2$DEFAULTVIEW(1.0),22/05/23 23:00:00,A,TOTAL,NR,I551-I553,ITC4,2012,13595973,
ESTAT:TOUR_OCC_ARN2$DEFAULTVIEW(1.0),22/05/23 23:00:00,A,TOTAL,NR,I551-I553,ITC4,2013,13611606,
ESTAT:TOUR_OCC_ARN2$DEFAULTVIEW(1.0),22/05/23 23:00:00,A,TOTAL,NR,I551-I553,ITC4,2014,14091530,
ESTAT:TOUR_OCC_ARN2$DEFAULTVIEW(1.0),22/05/23 23:00:00,A,TOTAL,NR,I551-I553,ITC4,2015,15639194,
ESTAT:TOUR_OCC_ARN2$DEFAULTVIEW(1.0),22/05/23 23:00:00,A,TOTAL,NR,I551-I553,ITC4,2016,15409809,
ESTAT:TOUR_OCC_ARN2$DEFAULTVIEW(1.0),22/05/23 23:00:00,A,TOTAL,NR,I551-I553,ITC4,2017,16557728,
ESTAT:TOUR_OCC_ARN2$DEFAULTVIEW(1.0),22/05/23 23:00:00,A,TOTAL,NR,I551-I553,ITC4,2018,16757628,
ESTAT:TOUR_OCC_ARN2$DEFAULTVIEW(1.0),22/05/23 23:00:00,A,TOTAL,NR,I551-I553,ITC4,2019,17509461,
ESTAT:TOUR_OCC_ARN2$DEFAULTVIEW(1.0),22/05/23 23:00:00,A,TOTAL,NR,I551-I553,ITC4,2020,5856210,
ESTAT:TOUR_OCC_ARN2$DEFAULTVIEW(1.0),22/05/23 23:00:00,A,TOTAL,NR,I551-I553,ITC4,2021,8866449,
ESTAT:TOUR_OCC_ARN2$DEFAULTVIEW(1.0),22/05/23 23:00:00,A,TOTAL,NR,I551-I553,ITF1,2012,1578410,
ESTAT:TOUR_OCC_ARN2$DEFAULTVIEW(1.0),22/05/23 23:00:00,A,TOTAL,NR,I551-I553,ITF1,2013,1511212,
ESTAT:TOUR_OCC_ARN2$DEFAULTVIEW(1.0),22/05/23 23:00:00,A,TOTAL,NR,I551-I553,ITF1,2014,1411435,
ESTAT:TOUR_OCC_ARN2$DEFAULTVIEW(1.0),22/05/23 23:00:00,A,TOTAL,NR,I551-I553,ITF1,2015,1522087,
ESTAT:TOUR_OCC_ARN2$DEFAULTVIEW(1.0),22/05/23 23:00:00,A,TOTAL,NR,I551-I553,ITF1,2016,1526452,
ESTAT:TOUR_OCC_ARN2$DEFAULTVIEW(1.0),22/05/23 23:00:00,A,TOTAL,NR,I551-I553,ITF1,2017,1548653,
ESTAT:TOUR_OCC_ARN2$DEFAULTVIEW(1.0),22/05/23 23:00:00,A,TOTAL,NR,I551-I553,ITF1,2018,1643087,
ESTAT:TOUR_OCC_ARN2$DEFAULTVIEW(1.0),22/05/23 23:00:00,A,TOTAL,NR,I551-I553,ITF1,2019,1643166,
ESTAT:TOUR_OCC_ARN2$DEFAULTVIEW(1.0),22/05/23 23:00:00,A,TOTAL,NR,I551-I553,ITF1,2020,1069867,
ESTAT:TOUR_OCC_ARN2$DEFAULTVIEW(1.0),22/05/23 23:00:00,A,TOTAL,NR,I551-I553,ITF1,2021,1330887,
ESTAT:TOUR_OCC_ARN2$DEFAULTVIEW(1.0),22/05/23 23:00:00,A,TOTAL,NR,I551-I553,ITF2,2012,178005,
ESTAT:TOUR_OCC_ARN2$DEFAULTVIEW(1.0),22/05/23 23:00:00,A,TOTAL,NR,I551-I553,ITF2,2013,147881,
ESTAT:TOUR_OCC_ARN2$DEFAULTVIEW(1.0),22/05/23 23:00:00,A,TOTAL,NR,I551-I553,ITF2,2014,147109,
ESTAT:TOUR_OCC_ARN2$DEFAULTVIEW(1.0),22/05/23 23:00:00,A,TOTAL,NR,I551-I553,ITF2,2015,149202,
ESTAT:TOUR_OCC_ARN2$DEFAULTVIEW(1.0),22/05/23 23:00:00,A,TOTAL,NR,I551-I553,ITF2,2016,136948,
ESTAT:TOUR_OCC_ARN2$DEFAULTVIEW(1.0),22/05/23 23:00:00,A,TOTAL,NR,I551-I553,ITF2,2017,131050,
ESTAT:TOUR_OCC_ARN2$DEFAULTVIEW(1.0),22/05/23 23:00:00,A,TOTAL,NR,I551-I553,ITF2,2018,138570,
ESTAT:TOUR_OCC_ARN2$DEFAULTVIEW(1.0),22/05/23 23:00:00,A,TOTAL,NR,I551-I553,ITF2,2019,136757,
ESTAT:TOUR_OCC_ARN2$DEFAULTVIEW(1.0),22/05/23 23:00:00,A,TOTAL,NR,I551-I553,ITF2,2020,90084,
ESTAT:TOUR_OCC_ARN2$DEFAULTVIEW(1.0),22/05/23 23:00:00,A,TOTAL,NR,I551-I553,ITF2,2021,129914,
ESTAT:TOUR_OCC_ARN2$DEFAULTVIEW(1.0),22/05/23 23:00:00,A,TOTAL,NR,I551-I553,ITF3,2012,4597691,
ESTAT:TOUR_OCC_ARN2$DEFAULTVIEW(1.0),22/05/23 23:00:00,A,TOTAL,NR,I551-I553,ITF3,2013,4360218,
ESTAT:TOUR_OCC_ARN2$DEFAULTVIEW(1.0),22/05/23 23:00:00,A,TOTAL,NR,I551-I553,ITF3,2014,4632876,
ESTAT:TOUR_OCC_ARN2$DEFAULTVIEW(1.0),22/05/23 23:00:00,A,TOTAL,NR,I551-I553,ITF3,2015,5258079,
ESTAT:TOUR_OCC_ARN2$DEFAULTVIEW(1.0),22/05/23 23:00:00,A,TOTAL,NR,I551-I553,ITF3,2016,5492496,
ESTAT:TOUR_OCC_ARN2$DEFAULTVIEW(1.0),22/05/23 23:00:00,A,TOTAL,NR,I551-I553,ITF3,2017,5641166,
ESTAT:TOUR_OCC_ARN2$DEFAULTVIEW(1.0),22/05/23 23:00:00,A,TOTAL,NR,I551-I553,ITF3,2018,6234863,
ESTAT:TOUR_OCC_ARN2$DEFAULTVIEW(1.0),22/05/23 23:00:00,A,TOTAL,NR,I551-I553,ITF3,2019,6279795,
ESTAT:TOUR_OCC_ARN2$DEFAULTVIEW(1.0),22/05/23 23:00:00,A,TOTAL,NR,I551-I553,ITF3,2020,2214180,
ESTAT:TOUR_OCC_ARN2$DEFAULTVIEW(1.0),22/05/23 23:00:00,A,TOTAL,NR,I551-I553,ITF3,2021,3257965,
ESTAT:TOUR_OCC_ARN2$DEFAULTVIEW(1.0),22/05/23 23:00:00,A,TOTAL,NR,I551-I553,ITF4,2012,3225974,
ESTAT:TOUR_OCC_ARN2$DEFAULTVIEW(1.0),22/05/23 23:00:00,A,TOTAL,NR,I551-I553,ITF4,2013,3187740,
ESTAT:TOUR_OCC_ARN2$DEFAULTVIEW(1.0),22/05/23 23:00:00,A,TOTAL,NR,I551-I553,ITF4,2014,3271410,
ESTAT:TOUR_OCC_ARN2$DEFAULTVIEW(1.0),22/05/23 23:00:00,A,TOTAL,NR,I551-I553,ITF4,2015,3434839,
ESTAT:TOUR_OCC_ARN2$DEFAULTVIEW(1.0),22/05/23 23:00:00,A,TOTAL,NR,I551-I553,ITF4,2016,3731182,
ESTAT:TOUR_OCC_ARN2$DEFAULTVIEW(1.0),22/05/23 23:00:00,A,TOTAL,NR,I551-I553,ITF4,2017,3911688,
ESTAT:TOUR_OCC_ARN2$DEFAULTVIEW(1.0),22/05/23 23:00:00,A,TOTAL,NR,I551-I553,ITF4,2018,4065979,
ESTAT:TOUR_OCC_ARN2$DEFAULTVIEW(1.0),22/05/23 23:00:00,A,TOTAL,NR,I551-I553,ITF4,2019,4258308,
ESTAT:TOUR_OCC_ARN2$DEFAULTVIEW(1.0),22/05/23 23:00:00,A,TOTAL,NR,I551-I553,ITF4,2020,2321958,
ESTAT:TOUR_OCC_ARN2$DEFAULTVIEW(1.0),22/05/23 23:00:00,A,TOTAL,NR,I551-I553,ITF4,2021,3336540,
ESTAT:TOUR_OCC_ARN2$DEFAULTVIEW(1.0),22/05/23 23:00:00,A,TOTAL,NR,I551-I553,ITF5,2012,517901,
ESTAT:TOUR_OCC_ARN2$DEFAULTVIEW(1.0),22/05/23 23:00:00,A,TOTAL,NR,I551-I553,ITF5,2013,532666,
ESTAT:TOUR_OCC_ARN2$DEFAULTVIEW(1.0),22/05/23 23:00:00,A,TOTAL,NR,I551-I553,ITF5,2014,579111,
ESTAT:TOUR_OCC_ARN2$DEFAULTVIEW(1.0),22/05/23 23:00:00,A,TOTAL,NR,I551-I553,ITF5,2015,673774,
ESTAT:TOUR_OCC_ARN2$DEFAULTVIEW(1.0),22/05/23 23:00:00,A,TOTAL,NR,I551-I553,ITF5,2016,717280,
ESTAT:TOUR_OCC_ARN2$DEFAULTVIEW(1.0),22/05/23 23:00:00,A,TOTAL,NR,I551-I553,ITF5,2017,786775,
ESTAT:TOUR_OCC_ARN2$DEFAULTVIEW(1.0),22/05/23 23:00:00,A,TOTAL,NR,I551-I553,ITF5,2018,892087,
ESTAT:TOUR_OCC_ARN2$DEFAULTVIEW(1.0),22/05/23 23:00:00,A,TOTAL,NR,I551-I553,ITF5,2019,944108,
ESTAT:TOUR_OCC_ARN2$DEFAULTVIEW(1.0),22/05/23 23:00:00,A,TOTAL,NR,I551-I553,ITF5,2020,429847,
ESTAT:TOUR_OCC_ARN2$DEFAULTVIEW(1.0),22/05/23 23:00:00,A,TOTAL,NR,I551-I553,ITF5,2021,563627,
ESTAT:TOUR_OCC_ARN2$DEFAULTVIEW(1.0),22/05/23 23:00:00,A,TOTAL,NR,I551-I553,ITF6,2012,1509337,
ESTAT:TOUR_OCC_ARN2$DEFAULTVIEW(1.0),22/05/23 23:00:00,A,TOTAL,NR,I551-I553,ITF6,2013,1472466,
ESTAT:TOUR_OCC_ARN2$DEFAULTVIEW(1.0),22/05/23 23:00:00,A,TOTAL,NR,I551-I553,ITF6,2014,1402373,
ESTAT:TOUR_OCC_ARN2$DEFAULTVIEW(1.0),22/05/23 23:00:00,A,TOTAL,NR,I551-I553,ITF6,2015,1482028,
ESTAT:TOUR_OCC_ARN2$DEFAULTVIEW(1.0),22/05/23 23:00:00,A,TOTAL,NR,I551-I553,ITF6,2016,1603012,
ESTAT:TOUR_OCC_ARN2$DEFAULTVIEW(1.0),22/05/23 23:00:00,A,TOTAL,NR,I551-I553,ITF6,2017,1799779,
ESTAT:TOUR_OCC_ARN2$DEFAULTVIEW(1.0),22/05/23 23:00:00,A,TOTAL,NR,I551-I553,ITF6,2018,1825863,
ESTAT:TOUR_OCC_ARN2$DEFAULTVIEW(1.0),22/05/23 23:00:00,A,TOTAL,NR,I551-I553,ITF6,2019,1896326,
ESTAT:TOUR_OCC_ARN2$DEFAULTVIEW(1.0),22/05/23 23:00:00,A,TOTAL,NR,I551-I553,ITF6,2020,955634,
ESTAT:TOUR_OCC_ARN2$DEFAULTVIEW(1.0),22/05/23 23:00:00,A,TOTAL,NR,I551-I553,ITF6,2021,1189610,
ESTAT:TOUR_OCC_ARN2$DEFAULTVIEW(1.0),22/05/23 23:00:00,A,TOTAL,NR,I551-I553,ITG1,2012,4331580,
ESTAT:TOUR_OCC_ARN2$DEFAULTVIEW(1.0),22/05/23 23:00:00,A,TOTAL,NR,I551-I553,ITG1,2013,4473376,
ESTAT:TOUR_OCC_ARN2$DEFAULTVIEW(1.0),22/05/23 23:00:00,A,TOTAL,NR,I551-I553,ITG1,2014,4621370,
ESTAT:TOUR_OCC_ARN2$DEFAULTVIEW(1.0),22/05/23 23:00:00,A,TOTAL,NR,I551-I553,ITG1,2015,4528859,
ESTAT:TOUR_OCC_ARN2$DEFAULTVIEW(1.0),22/05/23 23:00:00,A,TOTAL,NR,I551-I553,ITG1,2016,4408499,
ESTAT:TOUR_OCC_ARN2$DEFAULTVIEW(1.0),22/05/23 23:00:00,A,TOTAL,NR,I551-I553,ITG1,2017,4857542,
ESTAT:TOUR_OCC_ARN2$DEFAULTVIEW(1.0),22/05/23 23:00:00,A,TOTAL,NR,I551-I553,ITG1,2018,4998055,
ESTAT:TOUR_OCC_ARN2$DEFAULTVIEW(1.0),22/05/23 23:00:00,A,TOTAL,NR,I551-I553,ITG1,2019,5120421,
ESTAT:TOUR_OCC_ARN2$DEFAULTVIEW(1.0),22/05/23 23:00:00,A,TOTAL,NR,I551-I553,ITG1,2020,2206469,
ESTAT:TOUR_OCC_ARN2$DEFAULTVIEW(1.0),22/05/23 23:00:00,A,TOTAL,NR,I551-I553,ITG1,2021,3113379,
ESTAT:TOUR_OCC_ARN2$DEFAULTVIEW(1.0),22/05/23 23:00:00,A,TOTAL,NR,I551-I553,ITG2,2012,2119118,
ESTAT:TOUR_OCC_ARN2$DEFAULTVIEW(1.0),22/05/23 23:00:00,A,TOTAL,NR,I551-I553,ITG2,2013,2174232,
ESTAT:TOUR_OCC_ARN2$DEFAULTVIEW(1.0),22/05/23 23:00:00,A,TOTAL,NR,I551-I553,ITG2,2014,2391408,
ESTAT:TOUR_OCC_ARN2$DEFAULTVIEW(1.0),22/05/23 23:00:00,A,TOTAL,NR,I551-I553,ITG2,2015,2609692,
ESTAT:TOUR_OCC_ARN2$DEFAULTVIEW(1.0),22/05/23 23:00:00,A,TOTAL,NR,I551-I553,ITG2,2016,2879495,
ESTAT:TOUR_OCC_ARN2$DEFAULTVIEW(1.0),22/05/23 23:00:00,A,TOTAL,NR,I551-I553,ITG2,2017,3097366,
ESTAT:TOUR_OCC_ARN2$DEFAULTVIEW(1.0),22/05/23 23:00:00,A,TOTAL,NR,I551-I553,ITG2,2018,3280894,
ESTAT:TOUR_OCC_ARN2$DEFAULTVIEW(1.0),22/05/23 23:00:00,A,TOTAL,NR,I551-I553,ITG2,2019,3444058,
ESTAT:TOUR_OCC_ARN2$DEFAULTVIEW(1.0),22/05/23 23:00:00,A,TOTAL,NR,I551-I553,ITG2,2020,1475520,
ESTAT:TOUR_OCC_ARN2$DEFAULTVIEW(1.0),22/05/23 23:00:00,A,TOTAL,NR,I551-I553,ITG2,2021,2466091,
ESTAT:TOUR_OCC_ARN2$DEFAULTVIEW(1.0),22/05/23 23:00:00,A,TOTAL,NR,I551-I553,ITH2,2012,3421140,
ESTAT:TOUR_OCC_ARN2$DEFAULTVIEW(1.0),22/05/23 23:00:00,A,TOTAL,NR,I551-I553,ITH2,2013,3450620,
ESTAT:TOUR_OCC_ARN2$DEFAULTVIEW(1.0),22/05/23 23:00:00,A,TOTAL,NR,I551-I553,ITH2,2014,3498318,
ESTAT:TOUR_OCC_ARN2$DEFAULTVIEW(1.0),22/05/23 23:00:00,A,TOTAL,NR,I551-I553,ITH2,2015,3783916,
ESTAT:TOUR_OCC_ARN2$DEFAULTVIEW(1.0),22/05/23 23:00:00,A,TOTAL,NR,I551-I553,ITH2,2016,4040571,
ESTAT:TOUR_OCC_ARN2$DEFAULTVIEW(1.0),22/05/23 23:00:00,A,TOTAL,NR,I551-I553,ITH2,2017,4290198,
ESTAT:TOUR_OCC_ARN2$DEFAULTVIEW(1.0),22/05/23 23:00:00,A,TOTAL,NR,I551-I553,ITH2,2018,4415851,
ESTAT:TOUR_OCC_ARN2$DEFAULTVIEW(1.0),22/05/23 23:00:00,A,TOTAL,NR,I551-I553,ITH2,2019,4528179,
ESTAT:TOUR_OCC_ARN2$DEFAULTVIEW(1.0),22/05/23 23:00:00,A,TOTAL,NR,I551-I553,ITH2,2020,2762061,
ESTAT:TOUR_OCC_ARN2$DEFAULTVIEW(1.0),22/05/23 23:00:00,A,TOTAL,NR,I551-I553,ITH2,2021,2990750,
ESTAT:TOUR_OCC_ARN2$DEFAULTVIEW(1.0),22/05/23 23:00:00,A,TOTAL,NR,I551-I553,ITH3,2012,15818490,
ESTAT:TOUR_OCC_ARN2$DEFAULTVIEW(1.0),22/05/23 23:00:00,A,TOTAL,NR,I551-I553,ITH3,2013,15984757,
ESTAT:TOUR_OCC_ARN2$DEFAULTVIEW(1.0),22/05/23 23:00:00,A,TOTAL,NR,I551-I553,ITH3,2014,16262831,
ESTAT:TOUR_OCC_ARN2$DEFAULTVIEW(1.0),22/05/23 23:00:00,A,TOTAL,NR,I551-I553,ITH3,2015,17256892,
ESTAT:TOUR_OCC_ARN2$DEFAULTVIEW(1.0),22/05/23 23:00:00,A,TOTAL,NR,I551-I553,ITH3,2016,17856567,
ESTAT:TOUR_OCC_ARN2$DEFAULTVIEW(1.0),22/05/23 23:00:00,A,TOTAL,NR,I551-I553,ITH3,2017,19172576,
ESTAT:TOUR_OCC_ARN2$DEFAULTVIEW(1.0),22/05/23 23:00:00,A,TOTAL,NR,I551-I553,ITH3,2018,19563348,
ESTAT:TOUR_OCC_ARN2$DEFAULTVIEW(1.0),22/05/23 23:00:00,A,TOTAL,NR,I551-I553,ITH3,2019,20194655,
ESTAT:TOUR_OCC_ARN2$DEFAULTVIEW(1.0),22/05/23 23:00:00,A,TOTAL,NR,I551-I553,ITH3,2020,7860491,
ESTAT:TOUR_OCC_ARN2$DEFAULTVIEW(1.0),22/05/23 23:00:00,A,TOTAL,NR,I551-I553,ITH3,2021,11853659,
ESTAT:TOUR_OCC_ARN2$DEFAULTVIEW(1.0),22/05/23 23:00:00,A,TOTAL,NR,I551-I553,ITH4,2012,2093070,
ESTAT:TOUR_OCC_ARN2$DEFAULTVIEW(1.0),22/05/23 23:00:00,A,TOTAL,NR,I551-I553,ITH4,2013,2060785,
ESTAT:TOUR_OCC_ARN2$DEFAULTVIEW(1.0),22/05/23 23:00:00,A,TOTAL,NR,I551-I553,ITH4,2014,2074743,
ESTAT:TOUR_OCC_ARN2$DEFAULTVIEW(1.0),22/05/23 23:00:00,A,TOTAL,NR,I551-I553,ITH4,2015,2180766,
ESTAT:TOUR_OCC_ARN2$DEFAULTVIEW(1.0),22/05/23 23:00:00,A,TOTAL,NR,I551-I553,ITH4,2016,2321471,
ESTAT:TOUR_OCC_ARN2$DEFAULTVIEW(1.0),22/05/23 23:00:00,A,TOTAL,NR,I551-I553,ITH4,2017,2448834,
ESTAT:TOUR_OCC_ARN2$DEFAULTVIEW(1.0),22/05/23 23:00:00,A,TOTAL,NR,I551-I553,ITH4,2018,2610097,
ESTAT:TOUR_OCC_ARN2$DEFAULTVIEW(1.0),22/05/23 23:00:00,A,TOTAL,NR,I551-I553,ITH4,2019,2650717,
ESTAT:TOUR_OCC_ARN2$DEFAULTVIEW(1.0),22/05/23 23:00:00,A,TOTAL,NR,I551-I553,ITH4,2020,1274199,
ESTAT:TOUR_OCC_ARN2$DEFAULTVIEW(1.0),22/05/23 23:00:00,A,TOTAL,NR,I551-I553,ITH4,2021,1914388,
ESTAT:TOUR_OCC_ARN2$DEFAULTVIEW(1.0),22/05/23 23:00:00,A,TOTAL,NR,I551-I553,ITH5,2012,9097401,
ESTAT:TOUR_OCC_ARN2$DEFAULTVIEW(1.0),22/05/23 23:00:00,A,TOTAL,NR,I551-I553,ITH5,2013,9037868,
ESTAT:TOUR_OCC_ARN2$DEFAULTVIEW(1.0),22/05/23 23:00:00,A,TOTAL,NR,I551-I553,ITH5,2014,9196421,
ESTAT:TOUR_OCC_ARN2$DEFAULTVIEW(1.0),22/05/23 23:00:00,A,TOTAL,NR,I551-I553,ITH5,2015,9737140,
ESTAT:TOUR_OCC_ARN2$DEFAULTVIEW(1.0),22/05/23 23:00:00,A,TOTAL,NR,I551-I553,ITH5,2016,10319159,
ESTAT:TOUR_OCC_ARN2$DEFAULTVIEW(1.0),22/05/23 23:00:00,A,TOTAL,NR,I551-I553,ITH5,2017,11051890,
ESTAT:TOUR_OCC_ARN2$DEFAULTVIEW(1.0),22/05/23 23:00:00,A,TOTAL,NR,I551-I553,ITH5,2018,11458497,
ESTAT:TOUR_OCC_ARN2$DEFAULTVIEW(1.0),22/05/23 23:00:00,A,TOTAL,NR,I551-I553,ITH5,2019,11597928,
ESTAT:TOUR_OCC_ARN2$DEFAULTVIEW(1.0),22/05/23 23:00:00,A,TOTAL,NR,I551-I553,ITH5,2020,5673521,
ESTAT:TOUR_OCC_ARN2$DEFAULTVIEW(1.0),22/05/23 23:00:00,A,TOTAL,NR,I551-I553,ITH5,2021,8002741,
ESTAT:TOUR_OCC_ARN2$DEFAULTVIEW(1.0),22/05/23 23:00:00,A,TOTAL,NR,I551-I553,ITI1,2012,11938863,
ESTAT:TOUR_OCC_ARN2$DEFAULTVIEW(1.0),22/05/23 23:00:00,A,TOTAL,NR,I551-I553,ITI1,2013,12052488,
ESTAT:TOUR_OCC_ARN2$DEFAULTVIEW(1.0),22/05/23 23:00:00,A,TOTAL,NR,I551-I553,ITI1,2014,12385052,
ESTAT:TOUR_OCC_ARN2$DEFAULTVIEW(1.0),22/05/23 23:00:00,A,TOTAL,NR,I551-I553,ITI1,2015,12768513,
ESTAT:TOUR_OCC_ARN2$DEFAULTVIEW(1.0),22/05/23 23:00:00,A,TOTAL,NR,I551-I553,ITI1,2016,12815344,
ESTAT:TOUR_OCC_ARN2$DEFAULTVIEW(1.0),22/05/23 23:00:00,A,TOTAL,NR,I551-I553,ITI1,2017,13601245,
ESTAT:TOUR_OCC_ARN2$DEFAULTVIEW(1.0),22/05/23 23:00:00,A,TOTAL,NR,I551-I553,ITI1,2018,14188009,
ESTAT:TOUR_OCC_ARN2$DEFAULTVIEW(1.0),22/05/23 23:00:00,A,TOTAL,NR,I551-I553,ITI1,2019,14346280,
ESTAT:TOUR_OCC_ARN2$DEFAULTVIEW(1.0),22/05/23 23:00:00,A,TOTAL,NR,I551-I553,ITI1,2020,5565080,
ESTAT:TOUR_OCC_ARN2$DEFAULTVIEW(1.0),22/05/23 23:00:00,A,TOTAL,NR,I551-I553,ITI1,2021,8384537,
ESTAT:TOUR_OCC_ARN2$DEFAULTVIEW(1.0),22/05/23 23:00:00,A,TOTAL,NR,I551-I553,ITI2,2012,2181040,
ESTAT:TOUR_OCC_ARN2$DEFAULTVIEW(1.0),22/05/23 23:00:00,A,TOTAL,NR,I551-I553,ITI2,2013,2182531,
ESTAT:TOUR_OCC_ARN2$DEFAULTVIEW(1.0),22/05/23 23:00:00,A,TOTAL,NR,I551-I553,ITI2,2014,2320785,
ESTAT:TOUR_OCC_ARN2$DEFAULTVIEW(1.0),22/05/23 23:00:00,A,TOTAL,NR,I551-I553,ITI2,2015,2394671,
ESTAT:TOUR_OCC_ARN2$DEFAULTVIEW(1.0),22/05/23 23:00:00,A,TOTAL,NR,I551-I553,ITI2,2016,2369196,
ESTAT:TOUR_OCC_ARN2$DEFAULTVIEW(1.0),22/05/23 23:00:00,A,TOTAL,NR,I551-I553,ITI2,2017,2125056,
ESTAT:TOUR_OCC_ARN2$DEFAULTVIEW(1.0),22/05/23 23:00:00,A,TOTAL,NR,I551-I553,ITI2,2018,2436857,
ESTAT:TOUR_OCC_ARN2$DEFAULTVIEW(1.0),22/05/23 23:00:00,A,TOTAL,NR,I551-I553,ITI2,2019,2437368,
ESTAT:TOUR_OCC_ARN2$DEFAULTVIEW(1.0),22/05/23 23:00:00,A,TOTAL,NR,I551-I553,ITI2,2020,1136075,
ESTAT:TOUR_OCC_ARN2$DEFAULTVIEW(1.0),22/05/23 23:00:00,A,TOTAL,NR,I551-I553,ITI2,2021,1672479,
ESTAT:TOUR_OCC_ARN2$DEFAULTVIEW(1.0),22/05/23 23:00:00,A,TOTAL,NR,I551-I553,ITI3,2012,2220738,
ESTAT:TOUR_OCC_ARN2$DEFAULTVIEW(1.0),22/05/23 23:00:00,A,TOTAL,NR,I551-I553,ITI3,2013,2224348,
ESTAT:TOUR_OCC_ARN2$DEFAULTVIEW(1.0),22/05/23 23:00:00,A,TOTAL,NR,I551-I553,ITI3,2014,2263494,
ESTAT:TOUR_OCC_ARN2$DEFAULTVIEW(1.0),22/05/23 23:00:00,A,TOTAL,NR,I551-I553,ITI3,2015,2350668,
ESTAT:TOUR_OCC_ARN2$DEFAULTVIEW(1.0),22/05/23 23:00:00,A,TOTAL,NR,I551-I553,ITI3,2016,2375784,
ESTAT:TOUR_OCC_ARN2$DEFAULTVIEW(1.0),22/05/23 23:00:00,A,TOTAL,NR,I551-I553,ITI3,2017,2117055,
ESTAT:TOUR_OCC_ARN2$DEFAULTVIEW(1.0),22/05/23 23:00:00,A,TOTAL,NR,I551-I553,ITI3,2018,2256564,
ESTAT:TOUR_OCC_ARN2$DEFAULTVIEW(1.0),22/05/23 23:00:00,A,TOTAL,NR,I551-I553,ITI3,2019,2417288,
ESTAT:TOUR_OCC_ARN2$DEFAULTVIEW(1.0),22/05/23 23:00:00,A,TOTAL,NR,I551-I553,ITI3,2020,1598561,
ESTAT:TOUR_OCC_ARN2$DEFAULTVIEW(1.0),22/05/23 23:00:00,A,TOTAL,NR,I551-I553,ITI3,2021,2059423,
ESTAT:TOUR_OCC_ARN2$DEFAULTVIEW(1.0),22/05/23 23:00:00,A,TOTAL,NR,I551-I553,ITI4,2012,10298408,
ESTAT:TOUR_OCC_ARN2$DEFAULTVIEW(1.0),22/05/23 23:00:00,A,TOTAL,NR,I551-I553,ITI4,2013,10298408,
ESTAT:TOUR_OCC_ARN2$DEFAULTVIEW(1.0),22/05/23 23:00:00,A,TOTAL,NR,I551-I553,ITI4,2014,10367031,
ESTAT:TOUR_OCC_ARN2$DEFAULTVIEW(1.0),22/05/23 23:00:00,A,TOTAL,NR,I551-I553,ITI4,2015,10977959,
ESTAT:TOUR_OCC_ARN2$DEFAULTVIEW(1.0),22/05/23 23:00:00,A,TOTAL,NR,I551-I553,ITI4,2016,11419308,
ESTAT:TOUR_OCC_ARN2$DEFAULTVIEW(1.0),22/05/23 23:00:00,A,TOTAL,NR,I551-I553,ITI4,2017,11591827,
ESTAT:TOUR_OCC_ARN2$DEFAULTVIEW(1.0),22/05/23 23:00:00,A,TOTAL,NR,I551-I553,ITI4,2018,12575617,
ESTAT:TOUR_OCC_ARN2$DEFAULTVIEW(1.0),22/05/23 23:00:00,A,TOTAL,NR,I551-I553,ITI4,2019,12857606,
ESTAT:TOUR_OCC_ARN2$DEFAULTVIEW(1.0),22/05/23 23:00:00,A,TOTAL,NR,I551-I553,ITI4,2020,3236589,
ESTAT:TOUR_OCC_ARN2$DEFAULTVIEW(1.0),22/05/23 23:00:00,A,TOTAL,NR,I551-I553,ITI4,2021,4579406,
